dates,confirmedCases,deaths,Year,Month,Weekday_name,tests,positives,recovered,hosp,icu,vent,population,cfr,cmr,positiveRateTest
2020-01-25,0.0,0.0,2020,1,Saturday,0,0,0,0,0,0,25459470,,0.0,
2020-01-26,4.0,0.0,2020,1,Sunday,0,0,0,0,0,0,25459470,0.0,0.0,
2020-01-27,5.0,0.0,2020,1,Monday,0,0,0,0,0,0,25459470,0.0,0.0,
2020-01-28,5.0,0.0,2020,1,Tuesday,0,0,0,0,0,0,25459470,0.0,0.0,
2020-01-29,6.0,0.0,2020,1,Wednesday,0,0,0,0,0,0,25459470,0.0,0.0,
2020-01-30,9.0,0.0,2020,1,Thursday,0,0,0,0,0,0,25459470,0.0,0.0,
2020-01-31,9.0,0.0,2020,1,Friday,0,0,0,0,0,0,25459470,0.0,0.0,
2020-02-01,12.0,0.0,2020,2,Saturday,0,0,0,0,0,0,25459470,0.0,0.0,
2020-02-02,12.0,0.0,2020,2,Sunday,0,0,0,0,0,0,25459470,0.0,0.0,
2020-02-03,12.0,0.0,2020,2,Monday,0,0,0,0,0,0,25459470,0.0,0.0,
2020-02-04,13.0,0.0,2020,2,Tuesday,0,0,0,0,0,0,25459470,0.0,0.0,
2020-02-05,13.0,0.0,2020,2,Wednesday,0,0,0,0,0,0,25459470,0.0,0.0,
2020-02-06,14.0,0.0,2020,2,Thursday,0,0,0,0,0,0,25459470,0.0,0.0,
2020-02-07,15.0,0.0,2020,2,Friday,0,0,0,0,0,0,25459470,0.0,0.0,
2020-02-08,15.0,0.0,2020,2,Saturday,0,0,0,0,0,0,25459470,0.0,0.0,
2020-02-09,15.0,0.0,2020,2,Sunday,0,0,0,0,0,0,25459470,0.0,0.0,
2020-02-10,15.0,0.0,2020,2,Monday,0,0,0,0,0,0,25459470,0.0,0.0,
2020-02-11,15.0,0.0,2020,2,Tuesday,0,0,0,0,0,0,25459470,0.0,0.0,
2020-02-12,15.0,0.0,2020,2,Wednesday,0,0,0,0,0,0,25459470,0.0,0.0,
2020-02-13,15.0,0.0,2020,2,Thursday,0,0,0,0,0,0,25459470,0.0,0.0,
2020-02-21,15.0,0.0,2020,2,Friday,0,0,0,0,0,0,25459470,0.0,0.0,
2020-02-22,15.0,0.0,2020,2,Saturday,0,0,0,0,0,0,25459470,0.0,0.0,
2020-02-23,15.0,0.0,2020,2,Sunday,0,0,0,0,0,0,25459470,0.0,0.0,
2020-02-24,15.0,0.0,2020,2,Monday,0,0,0,0,0,0,25459470,0.0,0.0,
2020-02-25,15.0,0.0,2020,2,Tuesday,0,0,0,0,0,0,25459470,0.0,0.0,
2020-02-26,15.0,0.0,2020,2,Wednesday,0,0,0,0,0,0,25459470,0.0,0.0,
2020-02-27,15.0,0.0,2020,2,Thursday,0,0,0,0,0,0,25459470,0.0,0.0,
2020-02-28,15.0,0.0,2020,2,Friday,0,0,0,0,0,0,25459470,0.0,0.0,
2020-02-29,25.0,0.0,2020,2,Saturday,0,0,0,0,0,0,25459470,0.0,0.0,
2020-03-01,27.0,1.0,2020,3,Sunday,0,28,0,0,0,0,25459470,3.7037037037037033,3.927811537317941e-06,inf
2020-03-02,30.0,1.0,2020,3,Monday,0,32,0,0,0,0,25459470,3.3333333333333335,3.927811537317941e-06,inf
2020-03-03,39.0,1.0,2020,3,Tuesday,0,40,0,0,0,0,25459470,2.564102564102564,3.927811537317941e-06,inf
2020-03-04,52.0,2.0,2020,3,Wednesday,0,51,0,0,0,0,25459470,3.8461538461538463,7.855623074635882e-06,inf
2020-03-05,55.0,2.0,2020,3,Thursday,0,59,0,0,0,0,25459470,3.6363636363636362,7.855623074635882e-06,inf
2020-03-06,60.0,2.0,2020,3,Friday,0,63,0,0,0,0,25459470,3.3333333333333335,7.855623074635882e-06,inf
2020-03-07,63.0,2.0,2020,3,Saturday,7214,73,0,0,0,0,25459470,3.1746031746031744,7.855623074635882e-06,1.0119212642084836
2020-03-08,76.0,3.0,2020,3,Sunday,8008,80,0,0,0,0,25459470,3.9473684210526314,1.1783434611953823e-05,0.999000999000999
2020-03-09,91.0,3.0,2020,3,Monday,8371,92,0,0,0,0,25459470,3.296703296703297,1.1783434611953823e-05,1.099032373671007
2020-03-10,107.0,3.0,2020,3,Tuesday,10165,112,0,0,0,0,25459470,2.803738317757009,1.1783434611953823e-05,1.1018199704869651
2020-03-11,128.0,3.0,2020,3,Wednesday,10221,127,0,0,0,0,25459470,2.34375,1.1783434611953823e-05,1.2425398688973681
2020-03-12,128.0,3.0,2020,3,Thursday,14856,157,0,0,0,0,25459470,2.34375,1.1783434611953823e-05,1.0568120624663435
2020-03-13,200.0,3.0,2020,3,Friday,16685,198,0,0,0,0,25459470,1.5,1.1783434611953823e-05,1.1866946359005095
2020-03-14,250.0,3.0,2020,3,Saturday,20496,249,0,0,0,0,25459470,1.2,1.1783434611953823e-05,1.214871194379391
2020-03-15,297.0,3.0,2020,3,Sunday,22567,297,0,0,0,0,25459470,1.0101010101010102,1.1783434611953823e-05,1.316081003234812
2020-03-16,377.0,3.0,2020,3,Monday,38664,376,0,0,0,0,25459470,0.7957559681697612,1.1783434611953823e-05,0.9724808607490173
2020-03-17,452.0,5.0,2020,3,Tuesday,44444,454,0,0,0,0,25459470,1.1061946902654867,1.9639057686589707e-05,1.021510215102151
2020-03-18,568.0,6.0,2020,3,Wednesday,51000,567,0,0,0,0,25459470,1.056338028169014,2.3566869223907645e-05,1.111764705882353
2020-03-19,681.0,6.0,2020,3,Thursday,83333,709,28,0,0,0,25459470,0.881057268722467,2.3566869223907645e-05,0.8508034032136128
2020-03-20,791.0,7.0,2020,3,Friday,91399,847,39,0,0,0,25459470,0.8849557522123894,2.7494680761225587e-05,0.9267059814658803
2020-03-21,1071.0,7.0,2020,3,Saturday,100284,1072,51,0,0,0,25459470,0.6535947712418301,2.7494680761225587e-05,1.0689641418371825
2020-03-22,1490.0,7.0,2020,3,Sunday,109286,1352,70,0,0,0,25459470,0.4697986577181208,2.7494680761225587e-05,1.237120948703402
2020-03-23,1682.0,7.0,2020,3,Monday,115643,1680,97,0,0,0,25459470,0.4161712247324614,2.7494680761225587e-05,1.452746815630864
2020-03-24,2044.0,8.0,2020,3,Tuesday,123200,2050,113,0,0,0,25459470,0.3913894324853229,3.142249229854353e-05,1.6639610389610389
2020-03-25,2364.0,8.0,2020,3,Wednesday,156086,2430,129,0,0,0,25459470,0.338409475465313,3.142249229854353e-05,1.556834053022052
2020-03-26,2810.0,13.0,2020,3,Thursday,176505,2809,151,0,0,0,25459470,0.4626334519572953,5.106154998513323e-05,1.5914563326817937
2020-03-27,3143.0,13.0,2020,3,Friday,192784,3180,204,0,0,0,25459470,0.4136175628380528,5.106154998513323e-05,1.6495144825296706
2020-03-28,3640.0,14.0,2020,3,Saturday,208035,3640,223,0,0,0,25459470,0.38461538461538464,5.4989361522451175e-05,1.7497055783882518
2020-03-29,3984.0,16.0,2020,3,Sunday,223514,3984,225,0,0,0,25459470,0.4016064257028112,6.284498459708706e-05,1.7824386839303132
2020-03-30,4361.0,17.0,2020,3,Monday,231168,4250,291,0,0,0,25459470,0.3898188488878697,6.677279613440499e-05,1.8384897563676634
2020-03-31,4559.0,18.0,2020,3,Tuesday,242924,4561,345,32,6,0,25459470,0.394823426189954,7.070060767172294e-05,1.8775419472756911
2020-04-01,4862.0,20.0,2020,4,Wednesday,256953,4864,418,400,76,33,25459470,0.4113533525298231,7.855623074635883e-05,1.8929531859912123
2020-04-02,5116.0,24.0,2020,4,Thursday,266897,5137,572,415,81,32,25459470,0.46911649726348714,9.426747689563058e-05,1.9247125295525989
2020-04-03,5330.0,28.0,2020,4,Friday,275372,5362,635,410,86,32,25459470,0.525328330206379,0.00010997872304490235,1.947184172682771
2020-04-04,5550.0,30.0,2020,4,Saturday,284891,5552,686,460,92,33,25459470,0.5405405405405406,0.00011783434611953823,1.9488155118975325
2020-04-05,5687.0,35.0,2020,4,Sunday,297144,5693,788,460,96,33,25459470,0.6154387198874627,0.00013747340380612793,1.9159060926688745
2020-04-06,5797.0,40.0,2020,4,Monday,302663,5799,849,458,96,35,25459470,0.6900120752113161,0.00015711246149271765,1.915992374356958
2020-04-07,5895.0,45.0,2020,4,Tuesday,310700,5918,2549,305,93,37,25459470,0.7633587786259541,0.00017675151917930735,1.9047312520115867
2020-04-08,6010.0,50.0,2020,4,Wednesday,319368,6023,2815,263,87,36,25459470,0.8319467554076538,0.00019639057686589705,1.8859121765486837
2020-04-09,6108.0,51.0,2020,4,Thursday,330134,6108,2989,262,81,36,25459470,0.8349705304518664,0.000200318388403215,1.8501578147055437
2020-04-10,6215.0,54.0,2020,4,Friday,338346,6214,3142,236,74,38,25459470,0.8688656476267096,0.00021210182301516884,1.8365814875896274
2020-04-11,6303.0,57.0,2020,4,Saturday,347847,6302,3266,240,80,38,25459470,0.9043312708234174,0.00022388525762712265,1.811716070571257
2020-04-12,6315.0,60.0,2020,4,Sunday,353941,6324,3338,239,81,35,25459470,0.9501187648456058,0.00023566869223907647,1.78673846771072
2020-04-13,6351.0,61.0,2020,4,Monday,362136,6365,3494,227,79,46,25459470,0.9604786647772005,0.00023959650377639442,1.7576269688735724
2020-04-14,6415.0,62.0,2020,4,Tuesday,366493,6414,3598,230,80,44,25459470,0.9664848012470771,0.00024352431531371232,1.7501016390490405
2020-04-15,6440.0,63.0,2020,4,Wednesday,371377,6637,3688,214,73,42,25459470,0.9782608695652175,0.0002474521268510303,1.7871327518936282
2020-04-16,6462.0,63.0,2020,4,Thursday,380003,6667,3747,201,67,38,25459470,0.9749303621169917,0.0002474521268510303,1.754459833211843
2020-04-17,6522.0,66.0,2020,4,Friday,391530,6714,3819,192,60,38,25459470,1.011959521619135,0.0002592355614629841,1.7148111255842466
2020-04-18,6547.0,67.0,2020,4,Saturday,406510,6756,4163,184,56,34,25459470,1.0233694822055903,0.00026316337300030205,1.6619517355046618
2020-04-19,6547.0,67.0,2020,4,Sunday,420996,6800,4230,178,48,33,25459470,1.0233694822055903,0.00026316337300030205,1.615217246719684
2020-04-20,6547.0,67.0,2020,4,Monday,431734,6813,4258,170,49,32,25459470,1.0233694822055903,0.00026316337300030205,1.578055006091714
2020-04-21,6547.0,67.0,2020,4,Tuesday,439842,6835,4695,167,47,33,25459470,1.0233694822055903,0.00026316337300030205,1.5539671063700147
2020-04-22,6547.0,67.0,2020,4,Wednesday,452441,6842,4935,162,47,31,25459470,1.0233694822055903,0.00026316337300030205,1.5122413751185237
2020-04-23,6661.0,75.0,2020,4,Thursday,466659,6850,5045,152,46,29,25459470,1.1259570635039784,0.0002945858652988456,1.4678812580492393
2020-04-24,6661.0,75.0,2020,4,Friday,482370,6867,5136,139,42,28,25459470,1.1259570635039784,0.0002945858652988456,1.4235959947757943
2020-04-25,6694.0,80.0,2020,4,Saturday,494257,6885,5373,129,43,28,25459470,1.1951000896325068,0.0003142249229854353,1.392999997976761
2020-04-26,6714.0,83.0,2020,4,Sunday,506449,6904,5541,115,43,25,25459470,1.236222817992255,0.0003260083575973891,1.3632172242417302
2020-04-27,6721.0,83.0,2020,4,Monday,517063,6911,5588,113,44,27,25459470,1.234935277488469,0.0003260083575973891,1.3365876111808426
2020-04-28,6744.0,89.0,2020,4,Tuesday,530679,6923,5630,110,43,27,25459470,1.319691577698695,0.00034957522682129674,1.3045551077016426
2020-04-29,6752.0,91.0,2020,4,Wednesday,544410,6936,5670,94,38,26,25459470,1.3477488151658767,0.0003574308498959326,1.274039786190555
2020-04-30,6766.0,93.0,2020,4,Thursday,563641,6944,5717,89,34,22,25459470,1.3745196571090748,0.0003652864729705685,1.2319898658898127
2020-05-01,6778.0,93.0,2020,5,Friday,588868,6957,5747,83,29,21,25459470,1.3720861611094717,0.0003652864729705685,1.1814192654380948
2020-05-02,6799.0,94.0,2020,5,Saturday,611583,6972,5796,79,28,21,25459470,1.3825562582732753,0.00036921428450788647,1.1399924458331903
2020-05-03,6822.0,95.0,2020,5,Sunday,633107,6990,5817,75,28,20,25459470,1.3925535033714453,0.00037314209604520437,1.1040787734142885
2020-05-04,6847.0,96.0,2020,5,Monday,650214,7014,5863,70,28,20,25459470,1.4020739009785308,0.0003770699075825223,1.07872177467726
2020-05-05,6875.0,97.0,2020,5,Tuesday,664756,7040,5890,66,27,20,25459470,1.410909090909091,0.0003809977191198403,1.059035194868493
2020-05-06,6894.0,97.0,2020,5,Wednesday,688656,7064,5979,62,27,18,25459470,1.4070205976211199,0.0003809977191198403,1.0257661299690992
2020-05-07,6913.0,97.0,2020,5,Thursday,722549,7086,6038,58,23,17,25459470,1.4031534789526978,0.0003809977191198403,0.9806947348899521
2020-05-08,6918.0,97.0,2020,5,Friday,757250,7104,6084,56,21,16,25459470,1.4021393466319745,0.0003809977191198403,0.9381313965004952
2020-05-09,6939.0,97.0,2020,5,Saturday,795456,7118,6137,51,19,15,25459470,1.3978959504251331,0.0003809977191198403,0.8948326494488696
2020-05-10,6948.0,97.0,2020,5,Sunday,827872,7130,6166,43,18,15,25459470,1.39608520437536,0.0003809977191198403,0.8612442503188898
2020-05-11,6970.0,97.0,2020,5,Monday,855119,7137,6182,49,16,14,25459470,1.3916786226685796,0.0003809977191198403,0.834620678525445
2020-05-12,6980.0,98.0,2020,5,Tuesday,877927,7157,6233,47,16,15,25459470,1.4040114613180517,0.00038492553065715824,0.8152158436863202
2020-05-13,6989.0,98.0,2020,5,Wednesday,909025,7168,6274,50,17,14,25459470,1.4022034625840607,0.00038492553065715824,0.7885371689447486
2020-05-14,7019.0,98.0,2020,5,Thursday,943299,7183,6299,51,18,13,25459470,1.3962102863655792,0.00038492553065715824,0.7614764777657985
2020-05-15,7035.0,98.0,2020,5,Friday,983816,7214,6336,47,18,13,25459470,1.3930348258706469,0.00038492553065715824,0.7332671963050001
2020-05-16,7044.0,98.0,2020,5,Saturday,1015652,7231,6366,49,16,12,25459470,1.3912549687677456,0.00038492553065715824,0.7119564575267906
2020-05-17,7054.0,99.0,2020,5,Sunday,1042126,7239,6369,50,16,12,25459470,1.4034590303373973,0.00038885334219447614,0.6946376925630874
2020-05-18,7068.0,99.0,2020,5,Monday,1062034,7248,6396,45,12,7,25459470,1.400679117147708,0.00038885334219447614,0.6824640265754204
2020-05-19,7072.0,100.0,2020,5,Tuesday,1085870,7256,6415,47,11,7,25459470,1.414027149321267,0.0003927811537317941,0.6682199526646836
2020-05-20,7081.0,100.0,2020,5,Wednesday,1111567,7267,6445,44,9,7,25459470,1.4122299110295156,0.0003927811537317941,0.6537617615492364
2020-05-21,7095.0,101.0,2020,5,Thursday,1137684,7269,6472,41,9,7,25459470,1.42353770260747,0.00039670896526911205,0.6389296149018533
2020-05-22,7099.0,101.0,2020,5,Friday,1170682,7283,6480,40,7,6,25459470,1.422735596562896,0.00039670896526911205,0.6221159973417205
2020-05-23,7114.0,102.0,2020,5,Saturday,1192262,7296,6492,36,5,5,25459470,1.4337925217880236,0.00040063677680643,0.611946031996323
2020-05-24,7114.0,102.0,2020,5,Sunday,1224795,7299,6507,33,5,5,25459470,1.4337925217880236,0.00040063677680643,0.5959364628366379
2020-05-25,7126.0,102.0,2020,5,Monday,1244203,7303,6530,31,5,5,25459470,1.4313780522031996,0.00040063677680643,0.5869620954136906
2020-05-26,7139.0,103.0,2020,5,Tuesday,1288223,7318,6551,30,5,5,25459470,1.4427791007143858,0.00040456458834374796,0.5680693482417253
2020-05-27,7150.0,103.0,2020,5,Wednesday,1338321,7324,6558,30,6,3,25459470,1.4405594405594406,0.00040456458834374796,0.5472528638495548
2020-05-28,7165.0,103.0,2020,5,Thursday,1367444,7342,6580,29,5,3,25459470,1.437543614794138,0.00040456458834374796,0.5369141259166738
2020-05-29,7184.0,103.0,2020,5,Friday,1397622,7358,6580,23,4,3,25459470,1.4337416481069043,0.00040456458834374796,0.5264656681134098
2020-05-30,7192.0,103.0,2020,5,Saturday,1428538,7369,6613,22,4,3,25459470,1.432146829810901,0.00040456458834374796,0.5158420707044544
2020-05-31,7202.0,103.0,2020,5,Sunday,1454568,7379,6611,20,4,1,25459470,1.4301582893640654,0.00040456458834374796,0.5072983868750034
2020-06-01,7221.0,102.0,2020,6,Monday,1472220,7387,6615,20,3,1,25459470,1.4125467386788533,0.00040063677680643,0.5017592479384875
2020-06-02,7229.0,102.0,2020,6,Tuesday,1490387,7404,6620,26,4,2,25459470,1.410983538525384,0.00040063677680643,0.49678372127507825
2020-06-03,7240.0,102.0,2020,6,Wednesday,1512700,7412,6635,25,5,2,25459470,1.408839779005525,0.00040063677680643,0.48998479539895556
2020-06-04,7247.0,102.0,2020,6,Thursday,1546329,7423,6660,23,4,2,25459470,1.4074789568097144,0.00040063677680643,0.4800401466958196
2020-06-05,7252.0,102.0,2020,6,Friday,1579192,7434,6676,21,3,2,25459470,1.4065085493656921,0.00040063677680643,0.4707470655879716
2020-06-06,7259.0,102.0,2020,6,Saturday,1590588,7436,6684,21,4,2,25459470,1.405152224824356,0.00040063677680643,0.46750006915681497
2020-06-07,7265.0,102.0,2020,6,Sunday,1617462,7440,6693,18,3,2,25459470,1.4039917412250515,0.00040063677680643,0.45997989442719517
2020-06-08,7267.0,102.0,2020,6,Monday,1633515,7446,6700,19,3,2,25459470,1.4036053392046237,0.00040063677680643,0.455826851911369
2020-06-09,7274.0,102.0,2020,6,Tuesday,1650684,7448,6714,19,2,2,25459470,1.4022546054440472,0.00040063677680643,0.45120689362712674
2020-06-10,7285.0,102.0,2020,6,Wednesday,1679954,7455,6736,20,3,2,25459470,1.4001372683596431,0.00040063677680643,0.4437621506303149
2020-06-11,7289.0,102.0,2020,6,Thursday,1711223,7464,6751,18,2,2,25459470,1.3993689120592674,0.00040063677680643,0.43617927061522666
2020-06-12,7294.0,102.0,2020,6,Friday,1745550,7468,6773,18,2,2,25459470,1.398409651768577,0.00040063677680643,0.42783076967145023
2020-06-13,7320.0,102.0,2020,6,Saturday,1782651,7481,6802,16,2,0,25459470,1.3934426229508197,0.00040063677680643,0.4196558945076742
2020-06-14,7335.0,102.0,2020,6,Sunday,1812353,7499,6828,16,3,0,25459470,1.390593047034765,0.00040063677680643,0.41377148932906554
2020-06-15,7347.0,102.0,2020,6,Monday,1828149,7514,6841,17,4,0,25459470,1.3883217639853003,0.00040063677680643,0.4110168263090153
2020-06-16,7370.0,102.0,2020,6,Tuesday,1848347,7526,6846,17,3,2,25459470,1.3839891451831752,0.00040063677680643,0.40717462684225425
2020-06-17,7391.0,102.0,2020,6,Wednesday,1881519,7549,6860,16,3,3,25459470,1.3800568258693005,0.00040063677680643,0.40121837727920895
2020-06-18,7409.0,102.0,2020,6,Thursday,1927497,7570,6860,14,3,2,25459470,1.3767040086381428,0.00040063677680643,0.3927373168414789
2020-06-19,7411.0,102.0,2020,6,Friday,1970205,7588,6870,15,2,2,25459470,1.3763324787478073,0.00040063677680643,0.3851375872053923
2020-06-20,7461.0,102.0,2020,6,Saturday,2005378,7614,6877,17,3,0,25459470,1.3671089666264575,0.00040063677680643,0.37967904305322986
2020-06-21,7474.0,102.0,2020,6,Sunday,2041324,7639,6885,14,2,0,25459470,1.3647310677013647,0.00040063677680643,0.37421790955281964
2020-06-22,7492.0,102.0,2020,6,Monday,2107849,7652,6892,16,2,0,25459470,1.3614522156967432,0.00040063677680643,0.36302410656550826
2020-06-23,7521.0,103.0,2020,6,Tuesday,2132821,7670,6904,19,3,0,25459470,1.369498736870097,0.00040456458834374796,0.3596176144177125
2020-06-24,7558.0,104.0,2020,6,Wednesday,2180424,7699,6913,16,2,0,25459470,1.3760254035459116,0.00040849239988106586,0.3530964619725338
2020-06-25,7595.0,104.0,2020,6,Thursday,2232341,7735,6930,16,2,0,25459470,1.369321922317314,0.00040849239988106586,0.34649724213281036
2020-06-26,7601.0,104.0,2020,6,Friday,2281839,7772,6946,12,1,0,25459470,1.3682410209183002,0.00040849239988106586,0.34060247020057066
2020-06-27,7686.0,104.0,2020,6,Saturday,2336061,7818,6967,12,1,0,25459470,1.3531095498308614,0.00040849239988106586,0.334665918398535
2020-06-28,7764.0,104.0,2020,6,Sunday,2379175,7863,6981,11,1,0,25459470,1.3395157135497167,0.00040849239988106586,0.3304927128101127
2020-06-29,7834.0,104.0,2020,6,Monday,2415695,7944,6996,15,1,0,25459470,1.327546591779423,0.00040849239988106586,0.32884946154212347
2020-06-30,7920.0,104.0,2020,6,Tuesday,2455982,8011,7023,14,1,0,25459470,1.3131313131313131,0.00040849239988106586,0.32618317235224037
2020-07-01,8001.0,104.0,2020,7,Wednesday,2505923,8097,7051,18,3,0,25459470,1.2998375203099612,0.00040849239988106586,0.32311447718066355
2020-07-02,8066.0,104.0,2020,7,Thursday,2563782,8178,7078,24,5,0,25459470,1.2893627572526656,0.00040849239988106586,0.3189818791145269
2020-07-03,8260.0,104.0,2020,7,Friday,2617860,8243,7116,27,7,0,25459470,1.2590799031476998,0.00040849239988106586,0.3148755090035372
2020-07-04,8443.0,104.0,2020,7,Saturday,2668036,8349,7153,29,4,0,25459470,1.2317896482293023,0.00040849239988106586,0.31292681208199585
2020-07-05,8583.0,106.0,2020,7,Sunday,2713435,8436,7197,30,4,0,25459470,1.234999417453105,0.00041634802295570177,0.3108974418034705
2020-07-06,8755.0,106.0,2020,7,Monday,2759165,8573,7218,34,6,0,25459470,1.2107367218732152,0.00041634802295570177,0.31070994304436306
2020-07-07,8886.0,106.0,2020,7,Tuesday,2801107,8742,7253,39,10,0,25459470,1.192887688498762,0.00041634802295570177,0.312090898348403
2020-07-08,9056.0,106.0,2020,7,Wednesday,2856406,8872,7284,46,8,0,25459470,1.170494699646643,0.00041634802295570177,0.31060010376676145
2020-07-09,9374.0,106.0,2020,7,Thursday,2910831,9045,7372,45,10,0,25459470,1.1307872839769575,0.00041634802295570177,0.3107360063157222
2020-07-10,9553.0,107.0,2020,7,Friday,2970268,9345,7432,54,13,0,25459470,1.1200669946613628,0.00042027583449301967,0.31461807486731835
2020-07-11,9797.0,108.0,2020,7,Saturday,3021493,9537,7519,55,16,0,25459470,1.1023782790650198,0.0004242036460303377,0.3156386594309502
2020-07-12,9980.0,108.0,2020,7,Sunday,3075488,9781,7523,67,17,0,25459470,1.0821643286573146,0.0004242036460303377,0.3180308295789156
2020-07-13,10251.0,108.0,2020,7,Monday,3117788,9964,7564,92,18,0,25459470,1.0535557506584723,0.0004242036460303377,0.31958555232106867
2020-07-14,10487.0,111.0,2020,7,Tuesday,3162237,10235,7630,90,27,0,25459470,1.0584533231620101,0.0004359870806422915,0.32366328013997686
2020-07-15,10810.0,113.0,2020,7,Wednesday,3222141,10479,7723,111,28,0,25459470,1.0453283996299723,0.0004438427037169273,0.3252185425777457
2020-07-16,11233.0,116.0,2020,7,Thursday,3287716,10794,7831,114,30,0,25459470,1.0326715926288614,0.0004556261383288811,0.3283130294709154
2020-07-17,11441.0,118.0,2020,7,Friday,3350464,11219,7912,127,32,22,25459470,1.0313783760160824,0.000463481761403517,0.3348491432828408
2020-07-18,11802.0,122.0,2020,7,Saturday,3413831,11423,7955,115,26,18,25459470,1.0337230977800373,0.00047919300755278884,0.3346094168106154
2020-07-19,12069.0,123.0,2020,7,Sunday,3476463,11784,8066,135,29,18,25459470,1.019139945314442,0.00048312081909010674,0.33896520687837034
2020-07-20,12428.0,126.0,2020,7,Monday,3534425,12052,8188,156,33,17,25459470,1.013839716768587,0.0004949042537020606,0.34098898689320045
2020-07-21,12894.0,128.0,2020,7,Tuesday,3590735,12410,8336,182,38,23,25459470,0.9927097874980612,0.0005027598767766965,0.34561169231369065
2020-07-22,13305.0,133.0,2020,7,Wednesday,3650529,12878,8445,215,42,25,25459470,0.9996242014280345,0.0005223989344632861,0.3527707902060222
2020-07-23,13595.0,139.0,2020,7,Thursday,3719837,13285,8564,211,41,25,25459470,1.0224347186465612,0.0005459658036871938,0.3571393047598591
2020-07-24,13950.0,145.0,2020,7,Friday,3795421,13574,8718,217,44,1,25459470,1.039426523297491,0.0005695326729111015,0.35764148430437626
2020-07-25,14403.0,155.0,2020,7,Saturday,3859505,13927,8804,239,46,1,25459470,1.0761646879122404,0.0006088107882842808,0.3608493835349352
2020-07-26,14935.0,161.0,2020,7,Sunday,3935124,14380,8957,241,46,22,25459470,1.0780046869769,0.0006323776575081885,0.3654268582133625
2020-07-27,15303.0,167.0,2020,7,Monday,3987090,14912,9098,259,49,24,25459470,1.0912892896817616,0.0006559445267320961,0.37400710794087916
2020-07-28,15582.0,176.0,2020,7,Tuesday,4032061,15281,9218,275,47,24,25459470,1.1295084071364396,0.0006912948305679576,0.37898732186839434
2020-07-29,16298.0,189.0,2020,7,Wednesday,4098249,15560,9407,323,46,1,25459470,1.1596514909804885,0.0007423563805530909,0.37967434384782384
2020-07-30,16903.0,196.0,2020,7,Thursday,4163102,16277,9541,330,40,1,25459470,1.159557475004437,0.0007698510613143165,0.3909824933427046
2020-07-31,17280.0,201.0,2020,7,Friday,4238305,16880,9765,367,44,27,25459470,1.1631944444444444,0.0007894901190009062,0.3982724225840283
2020-08-01,17269.0,201.0,2020,8,Saturday,4307224,17254,9982,401,50,28,25459470,1.1639353755284034,0.0007894901190009062,0.40058283479103945
2020-08-02,17938.0,208.0,2020,8,Sunday,4364382,17895,10206,408,46,30,25459470,1.1595495595941576,0.0008169847997621317,0.41002368720244925
2020-08-03,18730.0,232.0,2020,8,Monday,4429911,18290,10403,439,43,31,25459470,1.2386545648691938,0.0009112522766577622,0.4128751119379148
2020-08-04,19445.0,247.0,2020,8,Tuesday,4481617,18702,10577,483,44,5,25459470,1.2702494214451017,0.0009701694497175316,0.41730473621462966
2020-08-05,19890.0,255.0,2020,8,Wednesday,4552081,19416,10721,566,51,36,25459470,1.282051282051282,0.001001591942016075,0.4265301957500317
2020-08-06,20272.0,266.0,2020,8,Thursday,4632089,19863,10926,600,52,34,25459470,1.3121546961325967,0.0010447978689265723,0.4288130042406353
2020-08-07,20698.0,278.0,2020,8,Friday,4724026,20273,11128,632,51,33,25459470,1.3431249396076916,0.0010919316073743875,0.4291466643070974
2020-08-08,21084.0,295.0,2020,8,Saturday,4764223,20698,11367,659,53,35,25459470,1.3991652437867577,0.0011587044035087926,0.43444649841117855
2020-08-09,21397.0,313.0,2020,8,Sunday,4857414,21084,11680,659,51,32,25459470,1.4628218909192878,0.0012294050111805155,0.43405812228482066
2020-08-10,21713.0,331.0,2020,8,Monday,4918546,21397,11949,664,55,37,25459470,1.5244323677059826,0.0013001056188522385,0.43502693682238613
2020-08-11,22127.0,352.0,2020,8,Tuesday,4980172,21714,12200,673,59,33,25459470,1.5908166493424323,0.0013825896611359152,0.4360090374388676
2020-08-12,22358.0,361.0,2020,8,Wednesday,5041344,22127,12587,686,51,32,25459470,1.6146345826997046,0.0014179399649717765,0.43891073491513377
2020-08-13,22742.0,375.0,2020,8,Thursday,5109785,22358,12809,686,44,31,25459470,1.6489314923929292,0.001472929326494228,0.4375526563250704
2020-08-14,23035.0,379.0,2020,8,Friday,5180414,22742,13158,679,47,31,25459470,1.6453223355762971,0.0014886405726434997,0.4389996629613
2020-08-15,23287.0,396.0,2020,8,Saturday,5243784,23035,13442,683,48,33,25459470,1.7005196032120924,0.0015554133687779045,0.43928201466727085
2020-08-16,23558.0,421.0,2020,8,Sunday,5297558,23288,13893,680,47,34,25459470,1.787078699380253,0.001653608657210853,0.43959877362362054
2020-08-17,23773.0,438.0,2020,8,Monday,5336097,23559,14346,674,51,37,25459470,1.8424262819164599,0.0017203814533452582,0.4415024689393765
2020-08-18,23989.0,450.0,2020,8,Tuesday,5380613,23773,14736,682,52,37,25459470,1.8758597690608194,0.0017675151917930735,0.44182698142386384
2020-08-19,24236.0,463.0,2020,8,Wednesday,5440495,23993,15054,694,53,34,25459470,1.9103812510315232,0.001818576741778207,0.4410076656627752
2020-08-20,24407.0,472.0,2020,8,Thursday,5508831,24236,17661,644,51,33,25459470,1.9338714303273652,0.001853927045614068,0.43994814870886395
2020-08-21,24602.0,485.0,2020,8,Friday,5579980,24407,18268,647,47,31,25459470,1.9713844402894074,0.0019049885955992013,0.4374030014444496
2020-08-22,24811.0,502.0,2020,8,Saturday,5647677,24602,18567,631,43,27,25459470,2.023296118657047,0.0019717613917336063,0.4356127306855544
2020-08-23,24915.0,517.0,2020,8,Sunday,5706587,24812,19041,604,39,26,25459470,2.075055187637969,0.0020306785647933754,0.4347957894972949
2020-08-24,25053.0,525.0,2020,8,Monday,5758034,24916,19411,659,38,22,25459470,2.095557418273261,0.002062101057091919,0.432717139218004
2020-08-25,25204.0,549.0,2020,8,Tuesday,5814709,25053,19622,644,42,23,25459470,2.1782256784637357,0.0021563685339875496,0.430855611175039
2020-08-26,25322.0,572.0,2020,8,Wednesday,5886412,25205,19908,603,46,20,25459470,2.2589052997393573,0.0022467081993458623,0.42818953209527294
2020-08-27,25448.0,583.0,2020,8,Thursday,5972680,25322,20174,558,35,15,25459470,2.290946243319711,0.0022899141262563596,0.42396378175291494
2020-08-28,25547.0,600.0,2020,8,Friday,6052236,25448,20441,543,35,21,25459470,2.34861236152973,0.0023566869223907647,0.4204726980243335
2020-08-29,25670.0,611.0,2020,8,Saturday,6119791,25547,20664,510,32,21,25459470,2.3802103622906117,0.002399892849301262,0.4174488965391138
2020-08-30,25746.0,652.0,2020,8,Sunday,6168229,25670,20924,501,31,15,25459470,2.532432222481162,0.0025609331223312975,0.4161648343471035
2020-08-31,25819.0,657.0,2020,8,Monday,6214453,25746,21158,481,27,17,25459470,2.544637669932995,0.0025805721800178875,0.4142922957177405
2020-09-01,25923.0,663.0,2020,9,Tuesday,6255832,25819,21311,450,26,10,25459470,2.5575743548200442,0.0026041390492417948,0.41271888375519034
2020-09-02,26049.0,678.0,2020,9,Wednesday,6319795,25923,21498,433,23,16,25459470,2.6027870551652654,0.0026630562223015643,0.4101873557607486
2020-09-03,26136.0,737.0,2020,9,Thursday,6455989,26049,21720,391,26,18,25459470,2.81986531986532,0.0028947971030033226,0.4034858175873596
2020-09-04,26207.0,748.0,2020,9,Friday,6526950,26136,21978,357,27,17,25459470,2.854199259739764,0.00293800302991382,0.4004320547882242
2020-09-05,26278.0,753.0,2020,9,Saturday,6590788,26207,22138,326,27,19,25459470,2.8655148793667706,0.0029576420876004095,0.39763075371260614
2020-09-06,26321.0,762.0,2020,9,Sunday,6657348,26279,22275,310,26,20,25459470,2.89502678469663,0.0029929923914362713,0.39473676304738764
2020-09-07,26373.0,770.0,2020,9,Monday,6693434,26322,22411,294,32,21,25459470,2.9196526750843663,0.003024414883734815,0.3932510576783158
2020-09-08,26465.0,781.0,2020,9,Tuesday,6730397,26374,22532,263,29,16,25459470,2.951067447572265,0.0030676208106453122,0.39186395691071413
2020-09-09,26524.0,788.0,2020,9,Wednesday,6789333,26465,22671,221,26,15,25459470,2.970894284421656,0.0030951154914065377,0.3898026507169408
2020-09-10,26564.0,797.0,2020,9,Thursday,6849431,26513,22844,195,23,15,25459470,3.000301159463936,0.003130465795242399,0.38708324822894047
2020-09-11,26607.0,803.0,2020,9,Friday,6928153,26565,23025,163,18,12,25459470,3.0180027812229864,0.0031540326644663064,0.3834355274775254
2020-09-12,26651.0,810.0,2020,9,Saturday,6976155,26606,23137,151,15,10,25459470,3.0392855802784133,0.0031815273452275323,0.3813848746193283
2020-09-13,26692.0,816.0,2020,9,Sunday,7016090,26650,23270,137,17,7,25459470,3.0570957590289227,0.00320509421445144,0.3798411935992839
2020-09-14,26739.0,816.0,2020,9,Monday,7047036,26691,23386,141,18,10,25459470,3.051722203522944,0.00320509421445144,0.37875498294602156
2020-09-15,26778.0,824.0,2020,9,Tuesday,7076652,26737,23460,139,17,10,25459470,3.0771528866980358,0.0032365167067499837,0.37781990692773926
2020-09-16,26813.0,832.0,2020,9,Wednesday,7124384,26779,23534,126,16,9,25459470,3.102972438742401,0.003267939199048527,0.37587811100580765
2020-09-17,26861.0,837.0,2020,9,Thursday,7178741,26813,23600,117,16,9,25459470,3.116041845054168,0.0032875782567351164,0.37350560495217755
2020-09-18,26885.0,844.0,2020,9,Friday,7224163,26861,23663,108,15,9,25459470,3.1392970057652967,0.003315072937496342,0.37182162141136627
2020-09-19,26898.0,849.0,2020,9,Saturday,7263213,26885,23770,106,12,7,25459470,3.1563685032344413,0.0033347119951829315,0.3701529887668171
2020-09-20,26912.0,851.0,2020,9,Sunday,7296252,26898,23870,109,10,6,25459470,3.162158145065398,0.003342567618257568,0.36865503000718725
2020-09-21,26942.0,854.0,2020,9,Monday,7319688,26912,23965,107,8,4,25459470,3.1697721030361516,0.0033543510528695215,0.3676659442315028
2020-09-22,26972.0,859.0,2020,9,Tuesday,7351283,26942,24026,100,11,6,25459470,3.184784220673291,0.0033739901105561115,0.36649384876082175
2020-09-23,26980.0,861.0,2020,9,Wednesday,7393693,26974,24111,89,11,7,25459470,3.1912527798369164,0.003381845733630747,0.36482445240828903
2020-09-24,27000.0,869.0,2020,9,Thursday,7441327,26983,24137,81,11,7,25459470,3.2185185185185183,0.003413268225929291,0.36261005597523127
2020-09-25,27016.0,870.0,2020,9,Friday,7479815,27000,24209,71,11,7,25459470,3.220313888066331,0.0034171960374666088,0.36097149461584277
2020-09-26,27040.0,872.0,2020,9,Saturday,7517520,27016,24257,68,12,5,25459470,3.2248520710059174,0.0034250516605412447,0.3593738360523151
2020-09-27,27044.0,875.0,2020,9,Sunday,7546223,27040,24317,66,12,5,25459470,3.2354681260168614,0.0034368350951531983,0.3583249527611363
2020-09-28,27055.0,882.0,2020,9,Monday,7563322,27044,24360,62,11,4,25459470,3.260025873221216,0.003464329775914424,0.35756774602482877
2020-09-29,27078.0,886.0,2020,9,Tuesday,7589332,27063,24396,60,8,4,25459470,3.272028953393899,0.003480041022063696,0.3565926487337753
2020-09-30,27096.0,888.0,2020,9,Wednesday,7637403,27078,24427,55,9,3,25459470,3.277236492471213,0.003487896645138332,0.3545446010901873
2020-10-01,27109.0,890.0,2020,10,Thursday,7679651,27096,24457,50,9,3,25459470,3.283042532000443,0.003495752268212968,0.3528285334841388
2020-10-02,27121.0,893.0,2020,10,Friday,7716580,27113,24497,51,6,3,25459470,3.2926514509052027,0.0035075357028249215,0.3513603176536756
2020-10-03,27135.0,894.0,2020,10,Saturday,7746733,27121,24522,49,6,3,25459470,3.2946379215035932,0.0035114635143622393,0.35009596948804095
2020-10-04,27148.0,894.0,2020,10,Sunday,7772921,27136,24538,46,6,1,25459470,3.293060262266097,0.0035114635143622393,0.3491094274597671
2020-10-05,27173.0,895.0,2020,10,Monday,7795523,27149,24564,46,6,2,25459470,3.293710668678468,0.0035153913258995574,0.34826399716863127
2020-10-06,27181.0,897.0,2020,10,Tuesday,7819472,27174,24588,37,5,2,25459470,3.300099334093668,0.003523246948974193,0.34751707020627476
2020-10-07,27206.0,897.0,2020,10,Wednesday,7852692,27182,24607,32,6,0,25459470,3.2970668234948173,0.003523246948974193,0.34614881113381246
2020-10-08,27226.0,897.0,2020,10,Thursday,7895078,27206,24620,31,3,0,25459470,3.2946448247998235,0.003523246948974193,0.3445944422588352
2020-10-09,27244.0,897.0,2020,10,Friday,7936192,27229,24641,28,4,0,25459470,3.292468066363236,0.003523246948974193,0.34309905808730434
2020-10-10,27263.0,898.0,2020,10,Saturday,7976790,27244,24656,31,4,0,25459470,3.2938414701243444,0.003527174760511511,0.3415408955231365
2020-10-11,27285.0,898.0,2020,10,Sunday,8008111,27264,24668,31,2,0,25459470,3.2911856331317573,0.003527174760511511,0.34045482136798555
2020-10-12,27310.0,899.0,2020,10,Monday,8035558,27286,24683,32,1,0,25459470,3.2918344928597585,0.003531102572048829,0.3395657152869782
2020-10-13,27337.0,904.0,2020,10,Tuesday,8062988,27316,24703,32,1,0,25459470,3.3068734681932908,0.0035507416297354184,0.33878259523640614
2020-10-14,27357.0,904.0,2020,10,Wednesday,8109603,27341,24709,28,1,0,25459470,3.3044558979420255,0.0035507416297354184,0.33714350751818556
2020-10-15,27371.0,904.0,2020,10,Thursday,8153116,27362,24722,26,1,0,25459470,3.302765700924336,0.0035507416297354184,0.3356017503001307
2020-10-16,27378.0,904.0,2020,10,Friday,8196994,27371,24749,20,1,0,25459470,3.3019212506391997,0.0035507416297354184,0.3339150913127422
2020-10-17,27390.0,904.0,2020,10,Saturday,8239368,27383,24758,18,1,0,25459470,3.300474625775831,0.0035507416297354184,0.3323434515851216
2020-10-18,27399.0,905.0,2020,10,Sunday,8276036,27391,24768,16,1,0,25459470,3.303040256943684,0.003554669441272737,0.33096762749702874
2020-10-19,27405.0,905.0,2020,10,Monday,8303374,27399,24772,17,1,0,25459470,3.3023170954205434,0.003554669441272737,0.3299742971953329
2020-10-20,27443.0,905.0,2020,10,Tuesday,8332247,27430,24786,17,1,0,25459470,3.2977444156979923,0.003554669441272737,0.32920291489198533
2020-10-21,27458.0,905.0,2020,10,Wednesday,8378006,27444,24808,16,1,0,25459470,3.295942894602666,0.003554669441272737,0.32757197834425045
2020-10-22,27476.0,905.0,2020,10,Thursday,8423824,27466,24820,16,1,0,25459470,3.29378366574465,0.003554669441272737,0.32605144646896705
2020-10-23,27495.0,905.0,2020,10,Friday,8467326,27484,24828,20,0,0,25459470,3.2915075468266957,0.003554669441272737,0.3245888961875331
2020-10-24,27513.0,905.0,2020,10,Saturday,8505211,27499,24838,19,0,0,25459470,3.2893541235052517,0.003554669441272737,0.3233194332274649
2020-10-25,27525.0,905.0,2020,10,Sunday,8535842,27520,24845,17,0,0,25459470,3.287920072661217,0.003554669441272737,0.3224052179035179
2020-10-26,27539.0,905.0,2020,10,Monday,8567028,27527,24863,16,0,0,25459470,3.286248592904608,0.003554669441272737,0.32131329557928373
2020-10-27,27553.0,907.0,2020,10,Tuesday,8598558,27541,24868,15,1,0,25459470,3.291837549450151,0.003562525064347373,0.32029789180930107
2020-10-28,27565.0,907.0,2020,10,Wednesday,8650241,27555,24880,13,1,0,25459470,3.2904044984581895,0.003562525064347373,0.31854603819708605
2020-10-29,27579.0,907.0,2020,10,Thursday,8700911,27570,24893,19,1,0,25459470,3.2887341818049967,0.003562525064347373,0.31686337212275817
2020-10-30,27585.0,907.0,2020,10,Friday,8748442,27582,24898,20,1,0,25459470,3.2880188508247232,0.003562525064347373,0.31527899481987764
2020-10-31,27595.0,907.0,2020,10,Saturday,8789279,27590,24978,17,1,0,25459470,3.286827323790542,0.003562525064347373,0.3139051564980472
2020-11-01,27601.0,907.0,2020,11,Sunday,8825186,27595,24990,17,1,1,25459470,3.2861128219992026,0.003562525064347373,0.31268462783673906
2020-11-02,27610.0,907.0,2020,11,Monday,8855401,27602,25010,16,1,1,25459470,3.2850416515755163,0.003562525064347373,0.31169678256241584
2020-11-03,27622.0,907.0,2020,11,Tuesday,8887171,27610,25038,15,1,1,25459470,3.2836145101730505,0.003562525064347373,0.31067254135202305
2020-11-04,27630.0,907.0,2020,11,Wednesday,8933563,27622,25060,20,1,1,25459470,3.2826637712631195,0.003562525064347373,0.30919354349434824
2020-11-05,27644.0,907.0,2020,11,Thursday,8977142,27634,25071,21,1,1,25459470,3.281001302271741,0.003562525064347373,0.3078262547256131
2020-11-06,27652.0,907.0,2020,11,Friday,9023613,27645,25077,20,1,1,25459470,3.280052075799219,0.003562525064347373,0.30636287260989586
2020-11-07,27658.0,907.0,2020,11,Saturday,9062355,27652,25089,19,1,1,25459470,3.279340516306313,0.003562525064347373,0.30513039932776853
2020-11-08,27665.0,907.0,2020,11,Sunday,9097814,27658,25097,19,1,1,25459470,3.2785107536598592,0.003562525064347373,0.30400709445148033
2020-11-09,27669.0,907.0,2020,11,Monday,9126840,27668,25100,20,1,1,25459470,3.2780367920777764,0.003562525064347373,0.303149830609499
2020-11-10,27671.0,907.0,2020,11,Tuesday,9160213,27677,25102,20,1,1,25459470,3.2777998626721114,0.003562525064347373,0.302143629192902
2020-11-11,27675.0,907.0,2020,11,Wednesday,9212619,27685,25103,22,0,0,25459470,3.277326106594399,0.003562525064347373,0.30051172201954734
2020-11-12,27676.0,907.0,2020,11,Thursday,9268481,27698,25108,22,0,0,25459470,3.2772076889723953,0.003562525064347373,0.2988407701326679
2020-11-13,27682.0,907.0,2020,11,Friday,9308474,27703,25114,22,0,0,25459470,3.2764973629073046,0.003562525064347373,0.297610542823668
2020-11-14,27711.0,907.0,2020,11,Saturday,9348696,27711,25119,21,0,0,25459470,3.273068456569593,0.003562525064347373,0.29641567123372076
2020-11-15,27749.0,907.0,2020,11,Sunday,9379339,27728,25125,22,0,0,25459470,3.268586255360553,0.003562525064347373,0.2956285085761374
